,University of the Arts London
,Birkbeck University
,Brunel University
,City University
,University of East London
,Goldsmiths University
,University of Greenwich
,Imperial College London
,King's College London
,Kingston University
,London Metropolitan University
,London School of Economics
,London South Bank University
,Middlesex University
,Queen Mary University
,Roehampton University
,Royal Holloway University
,School of Oriental and African Studies
,St Mary's University College
,University of Westminster
,UCL
,University of West London
