,Archaeology
,Art & Design
,Business
,Chemistry
,Cognitive Science (Humanities)
,Earth Sciences
,Economics
,Engineering
,Geography
,History of Art
,Law
,Mathematics
,Music
,Philosophy
,Politics & International Relations
,Social Anthropology
,Social Work
,Sport Science & Sport Management
,Theology & Religious Studies
,Accounting
,Architecture & Landscape Architecture
,Biological & Biomedical Sciences
,Celtic & Scottish Studies
,Classics
,Computer Science (Informatics)
,Ecological & Environmental Sciences
,Education
,English
,History
,Languages, Countries & Cultures
,Linguistics
,Medicine & Health
,Nursing Studies
,Physics & Astronomy
,Psychology
,Social Policy
,Sociology
,Sustainable Development
,Veterinary Medicine
